idcreator;creator_name
2;stephane
3;openfoodfacts-contributors
4;andre
5;lilimarti
6;malikele
7;olive
8;penelope
9;minouche
10;pripri
11;caroline
12;tiuscha
13;adrien
14;rivdepar
15;titeariane
16;klm
17;sevan
18;np
19;alixia1313
20;mitra
21;migmoug
22;gala
23;stef10j
24;clinty
25;crokmou
26;stichomythie
27;nenesspatiss
28;nvallas
29;phiji
30;kinbote
31;annaf17
32;flaure
33;sqoia
34;arthurlutz
35;ammorin
36;emyrky
37;nounours
38;djanisse
39;davy
40;nykolas1981
41;serein
42;elisa
43;marion
44;louis-rousselet
45;patrice
46;laurent
47;jerome
48;elodiesebbaski
49;r-one
50;charlesnepote
51;jeanot13
52;dentdelion
53;tailee
54;openeyes
55;roust
56;christophe
57;brintinkam
58;zecourlis
59;yann-l
60;lemulot75
61;juju
62;titi
63;occourau
64;grdscarabe
65;seb92
66;titemel
67;europrimus
68;pimafonk
69;bluegreenolga
70;progi1984
71;lalorelei
72;marieguillemoto
73;isabelle-virginie
74;amnesic
75;javichu
76;manu1400
77;mauderre
78;celinec
79;rougailsaucix
80;lottie
81;voconce
82;adeline
83;keinsei
84;50med
85;esmeliane
86;clb
87;tapr
88;keronos
89;rfl
90;cliv
91;dalisson
92;tacinte
93;zeecastor
94;delph80
95;guillaumew
96;nash
97;dupont
98;rizriz2
99;frvipofm
100;ardoise
101;elia
102;mchristineg
103;cquest
104;lechatpito
105;loupiludo
106;flamencochueca
107;zediet
108;clemence
109;jog-2012
110;hommedanslalune
111;sunflower88000
112;julienbalas
113;hachis
114;hermogene
115;mlleaca
116;petipiez
117;djullius
118;roxane
119;maorix
120;ouran
121;gatto
122;kwiky
123;charlotine
124;nek
125;pdelorme
126;rneymann
127;emiliecollet
128;vaironique
129;claire44
130;haewia
131;chapodrou
132;fefa
133;kamounia
134;oishii
135;stf-la
136;amidiet
137;simonm
138;fxbodin
139;vinc-hutling
140;kitsu-lea
141;isabulle
142;koi
143;sbindi
144;chuipasla
145;cuevas
146;bricoconso
147;cfoucher
148;larybenji
149;siggg
150;eglantine
151;mskf
152;nathalie
153;sofirou
154;hdlm
155;fabien
156;jojo222
157;philalex
158;luliberine
159;aurelienh
160;vilain-mamuth
161;marcussacapuces91
162;paul92
163;malx
164;eric01
165;thomasg
166;crochet-david
167;antonin
168;lumbin38
169;benjaminzanatta
170;teolemon
171;miles67off
172;adline
173;cerise
174;bonifacefr
175;aliswhim
176;catynenette
177;chivos
178;catageek
179;milasaintanne
180;tristramg
181;chandon
182;jc
183;acidtest
184;agat83
185;thod59
186;pipin75
187;liberfil
188;gdx
189;cyril3382
190;nazreo
191;geehair
192;bidinaute
193;vibert14
194;fabetnat
195;jayjayrosso
196;a-so-caza
197;clarck52
198;balooval
199;coluchette
200;big-brother
201;traaf
202;minchetas
203;lenoan
204;piwy
205;jteplitxky
206;antoineg
207;tof1878
208;abysson
209;arthemus2
210;stephanefr
211;cocali
212;agamitsudo
213;sebleouf
214;tchantche
215;binnette
216;jeanbono
217;edzeronk
218;khrista
219;kimaidou
220;emma
221;reine-des-fleurs
222;fred-chauviere
223;elifsu
224;cathari
225;matthieu
226;andreaogm
227;dvautier
228;esciara
229;bob
230;mmu-man
231;ethanpopov
232;popolon
233;remilk
234;gatien
235;shaolan
236;sebouh
237;pom445
238;tulipe
239;stephaneconso
240;frenchhope
241;chris71
242;megahertz77
243;cyrildotcc
244;jahk04
245;diezz
246;citp
247;yggdrasil
248;am-i-an-alien
249;karthika2722
250;godzyann
251;gregoiresyl
252;sylphe
253;liqnuks
254;ddn2
255;kx
256;lucs
257;moimael
258;cluxter
259;ethera
260;melankh
261;goodgood
262;leblond
263;omarechal
264;solene-belleguie
265;gdelecourt
266;d0minique
267;teuf
268;nicod
269;margzmi
270;mathieumd
271;bapu
272;sebact
273;aratal
274;matclab
275;papagone
276;mibou
277;reinefeuille
278;vincentrou
279;astate11
280;scailyna
281;saga94
282;eidas
283;gyrostat
284;dimitri
285;fifie
286;mika89
287;superjuju10
288;fchaix
289;vive
290;jomsviking
291;christiansurf
292;souveton
293;isabelfrom
294;princesseb612
295;cqfd93
296;bokuse
297;amaurea
298;coldcat
299;bn
300;cms-st
301;lebreton44
302;millepertuis
303;rouf
304;coca
305;arthur029
306;berhili
307;2abil
308;lafubil
309;malojisiel
310;pled
311;ptitjes
312;eekelgato
313;sten
314;gael01
315;lolole13
316;vandenplas-bertrand
317;jeremy64
318;thegardener
319;faign
320;cdmad
321;cuicui
322;craigwilson
323;peku
324;morganesh
325;mesinfosnutritionelles
326;sophie-turbigo
327;jrigout
328;scorphancer
329;saiyanriku
330;tootees
331;mathgon
332;franck
333;d1don
334;croquisse
335;phoenix
336;aristoi
337;nicolasdumoulin
338;chatainsim
339;ludivine
340;olivierm
341;passionaqua
342;max1986
343;professeurkiwi
344;julroy67
345;benoit
346;panieravide
347;severine78
348;patmel
349;sionchantait
350;kerridwen
351;sighelm
352;julienm
353;marilou34
354;johnspace
355;bcatelin
356;linsoliteguy
357;madvic
358;racheljade
359;quentin
360;jacob80
361;sensei
362;beatgozone
363;lod
364;tortasdeaceite
365;raphael
366;godspeed75
367;jitrixis
368;claudymam28
369;cestki13
370;esencia-andalusi
371;xavoyage
372;pateuch53
373;pourbebe
374;ovattier
375;cerbere
376;mishrak
377;thiamath
378;naudinsylvain
379;florent
380;murielle
381;nicolas60620
382;crapy
383;kheops
384;floflo49fb
385;yoltie
386;alfonsodlta
387;jim
388;francoise
389;verdy-p
390;cg-rom
391;hb1
392;jerusa
393;sbrun74
394;peignard
395;sebby
396;jfkrab
397;o1ivier
398;dnicolas80
399;dada
400;delicesnovice
401;nicolasone
402;floma24
403;zybardany
404;ffo
405;steff75
406;yanco
407;diabolo
408;thigat
409;bananeharissa
410;unteem
411;pasteis-de-nata
412;kyclem78
413;eye4u
414;vegadona
415;frenchyno
416;foods41
417;jbdesbas
418;krustygt
419;loicknuchel
420;egalvan
421;tram12
422;tombouctou
423;alpha
424;azmeuk
425;annexe
426;izorak
427;elie2006
428;aitorpena
429;krysleg
430;tacite
431;oobon
432;davidgard
433;orion
434;polo
435;celine62231
436;superzorro91
437;ppita67
438;nena27
439;peltier
440;quelavenir
441;enmienm
442;bphilippe
443;eds67
444;pamputt
445;fp111
446;williambury
447;cledessonges
448;niako
449;oc84
450;ecuador98
451;cyrille37
452;jacot
453;courgette
454;sto
455;diane146
456;dalb
457;eleteint
458;bricole-88
459;salagueroa
460;willgg
461;brianboru
462;patknot73
463;sampont
464;auth
465;kikuchiyo
466;mouillerart
467;emerycm
468;daviddorgans
469;portos80
470;dubv
471;mawn
472;adrieng
473;minilou28
474;olive1664
475;celc
476;luc-jouan
477;xtora
478;qian
479;ylebris
480;felipelambert
481;ninine11
482;link60
483;swann
484;fredallright
485;keraz
486;didjo
487;oxomichael
488;steinnhondkatur
489;damienvgn
490;rominet
491;kelu27
492;nicovsh
493;mouzaia
494;butt3rfly
495;davidmar
496;mamy07
497;kyzh
498;x-javier
499;nissen
500;date-limite-app
501;cbenz
502;krysaphir
503;lucaa
504;pili
505;tbgv31
506;bmorgat
507;domdom26
508;gphux
509;doic
510;nurgleros
511;stanito
512;xavier255
513;leo
514;funny-gonzo
515;floyd-out
516;fred77700
517;daponey
518;francois
519;annette
520;amzac
521;viande
522;aztebac
523;pguyon-37
524;raphael0202
525;c3dyc
526;dorey-s
527;basileus
528;lemassykoi
529;maxmax
530;nicolasleger
531;okso
532;zz29
533;projetalealiment
534;atrannoy
535;bruder
536;hypergab
537;laurence-vsl
538;arno67
539;valyper1
540;tina6090
541;lou
542;starow
543;k-sanner
544;tom
545;donkeykong
546;gbr
547;lepu
548;ewqa
549;frederic-dubois
550;jnoel
551;jml40250
552;pm2036
553;alsy
554;gregfr
555;stf
556;lepereded
557;sirix
558;liontux
559;jog2015
560;af29
561;bmx0r
562;tanguyj
563;giant-teapot
564;jibec
565;claudine73x
566;aboulafia
567;sembitvea
568;usercentric
569;benny
570;valeryan-24
571;ndj
572;carounette
573;jiehong
574;marzal
575;mopi1402
576;nilux
577;magiccyril
578;johan
579;ericfrance
580;mutmut
581;tchiseng
582;cecilia718
583;sebasto
584;a3b3
585;cedlensois
586;ondamov
587;marly-marly
588;nobeda
589;pauline4472
590;mar80
591;rsrnice
592;grigri
593;celticub
594;manue
595;thierryferre
596;gofhen
597;andreaa
598;claebens
599;juliette
600;bradesabuide
601;joojoo68
602;kikky
603;mat2015
604;mac
605;kriscique
606;nicormd
607;guizmo37
608;benj1372
609;nadir649
610;boe
611;lealucile
612;alioch1
613;zevitche
614;metal16gamer
615;sylvainfevre
616;nviana
617;jeremy-lb
618;laurelat
619;stefmalibu
620;kristhal
621;alinea36
622;alexandra
623;sarah3a
624;tchanfou
625;cellieric
626;soyvan
627;cathy
628;ecrlinf
629;mat444
630;tsukasamakino
631;anthony026
632;glad91
633;back94
634;franckfranck28
635;xavier08
636;maverines
637;duncan-idaho
638;vroomzer
639;guibs1
640;christelle
641;valentinaki
642;laetitia
643;quitodelavega
644;celyne
645;freak917
646;anne08
647;btarik2
648;golphye
649;mery27
650;maga06
651;akasha22
652;zabou799
653;loud
654;a2lexis
655;khrisbie
656;jolg42
657;thorggis
658;florianfm
659;ana
660;emilie-adroguer
661;natapatacha
662;lydie-g
663;yaakab
664;akylis
665;sara
666;fernand
667;polako
668;lapuech
669;croutardsmith
670;sansan
671;koomy
672;willydestrez
673;menard58
674;sylviapierre
675;akatomboo
676;helinya
677;stitch0166
678;john38
679;linko
680;sofiamansouri
681;le-voileux
682;romu54136
683;ness
684;bb52
685;rominagrobis
686;lynette
687;ced33
688;nolofinwe
689;mode83
690;qb
691;kalos-kagathos
692;noble-chaleur
693;claudex
694;mozinator
695;scouty
696;esylee
697;ezerrot
698;helene-et-toi
699;moda
700;nutrigil
701;prettyodd7
702;jucab05
703;tchiroux
704;alak
705;tomcars
706;olivierrossan
707;jeremy73
708;alsiq
709;teymour
710;jeje
711;tif
712;fgt
713;inthewings
714;nioff
715;millavaud
716;goodkyng
717;clefamenniennte
718;toto100
719;pth
720;baquet
721;lilarose
722;nenette
723;jipi
724;ornito
725;desboisbacle-gmail-com
726;shod85
727;philodido
728;steph3669
729;seluni
730;thib
731;marau
732;sparcs
733;conso3362
734;nini22
735;orlando
736;ibrahouss
737;skyost
738;nstefani
739;kitty-spiky
740;alyptica
741;granavida
742;bea
743;kiwiaa
744;patrice916
745;leonleon
746;woshilapin
747;moha80
748;emak
749;marion-bio
750;pampelune
751;ekalyss
752;okih
753;lmu22
754;yoyofireblade
755;noblelion
756;ludodelyon
757;gall
758;athanasius
759;andrea529
760;alex-209
761;mtsch
762;danihopera
763;hayden74
764;florent84
765;migi
766;iliade
767;chocorebelle
768;consolal
769;gabshow
770;outchgabi
771;normann
772;boudeffa
773;missvaly
774;fou
775;hermanni
776;13080
777;stefan
778;blandine
779;twoflower
780;pjvilloud
781;fat-nuggets
782;henry
783;cody
784;the-fullymasked-etc
785;danfernbanck
786;pierrekilly
787;miguelx
788;geo
789;lenzar
790;92230
791;depit27
792;angie
793;halimatou
794;gc-chiron
795;kayaone
796;nikotarmak13
797;jackouzi
798;rlehy
799;guyomar
800;lasonic
801;sylesk
802;emeric17
803;bertrandv
804;joni
805;jmhoubre
806;cmfg
807;duxbellorum
808;mamuche
809;segundo
810;koyicabuto
811;jujuth
812;chatsauvage
813;oleon
814;meumeu34
815;bebone
816;aleene
817;drmalabar
818;poreb
819;fnhieu
820;rchristian13
821;titellle
822;hervedel
823;laurence-kaloyan
824;hikitsune
825;priteau
826;debosque
827;neskweek
828;ihardstylerz
829;thomazo
830;mcb34
831;q-theuret
832;sebulba
833;rbarbe
834;gandalf
835;nicy-fr
836;manutrition
837;desvergez
838;sigoise
839;vlaams
840;pat123
841;balanceat
842;7ristan
843;mllep
844;thorin
845;lelutin
846;autoreverse
847;ben904
848;brookstache60
849;eddiej
850;cormoran
851;anonymousgeek
852;pmelard
853;forfaita
854;demoiselleeme
855;sferre
856;antigras
857;redm92
858;sandy67204
859;fredservant
860;junkfoodhater
861;mcn1204
862;limie
863;cham
864;ob69
865;krampouz
866;tigrou64
867;xaba
868;domy
869;largorc
870;ploufside
871;cschia
872;sementa
873;issa93
874;orbb
875;lastif
876;pti-lituanien
877;pato5000
878;cyberkiosc
879;verojupon
880;kh82
881;lotus240r
882;melebe
883;ecnerrolf
884;del51
885;rerem2
886;lina54110
887;helo
888;newyorketmoi
889;elbeho
890;christophedu44
891;equinoxe
892;durasbib
893;beniben
894;guillaume007
895;colargol
896;thony8
897;damda58
898;luciehope
899;bessheron
900;bettysier
901;windu92
902;ergol
903;ysculo
904;bakeneko
905;edward-breizh
906;topheur
907;jer44
908;mrdjez
909;kristal44
910;aoti25
911;laurent75005
912;michaelopdenacker
913;sinclairfr
914;freddy35
915;bassit
916;katian
917;amidamaru
918;bluevince
919;ktalan
920;frenchredfrog
921;monsieur-m
922;typsie
923;midori
924;mp7433
925;krystela
926;gileri
927;mickski
928;fd
929;ellyza38
930;valentintintin
931;moule3053
932;silbon
933;alexcorioze
934;arnoval
935;memeg
936;patybulr
937;rodrigue
938;wissal1983
939;jean-mi
940;gonzalez664
941;seajulien
942;optyler
943;k13b3r
944;cbeaufils
945;gn1234567
946;soelia
947;undercloudedsky
948;arcko
949;swircz
950;malinou
951;khyrios
952;datalim
953;magdouniania
954;mb91
955;magneto
956;asmoth
957;philae
958;annemariemichaud
959;quinoa1957
960;marie93
961;vagall
962;wedfu
963;mortierovi
964;autourdupc
965;papichat
966;bono
967;seepact33
968;tonyhan
969;whiteknight
970;liot
971;manuc66
972;carlotaorganic
973;openchris
974;syper
975;pticookie
976;gingerine
977;paolo35
978;ppujol
979;kalepom
980;chris910
981;toomail
982;hedik
983;newic
984;davidoff
985;pinuts31
986;hanni
987;mbsk
988;goldy
989;celiou
990;moudubou
991;dy-secret
992;alexiswlod
993;phs
994;melanie129
995;dolay
996;microsof
997;macuisinevegetale
998;blononor
999;nours
1000;sebger
1001;alexandresalome
1002;imihalcea1
1003;julian
1004;mami
1005;cath72
1006;hoele
1007;patoune33
1008;snooze06
1009;davidf
1010;bibitoto
1011;mougny
1012;stella78
1013;migliore
1014;anne28
1015;til0u
1016;magicmars
1017;ericg18
1018;carlosguerra97
1019;marsup
1020;gregoryp
1021;karttikeja
1022;faby86
1023;bookynette
1024;biocoop
1025;sarub
1026;nnathalie
1027;danielhamo
1028;ahmidas-94
1029;pierrelm
1030;orionp
1031;peccher
1032;gunther
1033;lechercheur123
1034;gildaslb
1035;verbal
1036;copernic
1037;razeurbak
1038;acs2105
1039;jcantou
1040;jclouis
1041;homygod2
1042;armelle
1043;lefevre
1044;arbre-cire
1045;iubito
1046;crswlz
1047;mg16
1048;steking
1049;ronan9529
1050;picart
1051;bchrist
1052;khalee
1053;oliverdu68
1054;jessey57
1055;chris75
1056;lopij-0
1057;kasifi
1058;rene
1059;atsen-21
1060;ismasnipe
1061;alpain
1062;cora
1063;elno
1064;kowalski
1065;clint-estwood
1066;alizeedu16
1067;cantgetthatping
1068;constantin
1069;volvic1961
1070;domhome
1071;doc75
1072;rviala
1073;gaet
1074;marcelo
1075;panaisdhier
1076;maylis
1077;elbarto
1078;crokket
1079;gil
1080;lionel11000
1081;grio
1082;winsev
1083;m39
1084;chrispatre
1085;onryou
1086;midgard
1087;spacegamer13
1088;lodjak
1089;gildubs
1090;lp75
1091;ariane
1092;bfontaine
1093;win100
1094;pierredh
1095;myss-lollye
1096;ellemra
1097;robivog
1098;cdeccahe
1099;virangissi
1100;philipperenard
1101;wv54
1102;03dec1989
1103;blckshrk
1104;zyll26
1105;irvinus
1106;dodotka
1107;harmonius
1108;stanis
1109;ste00
1110;loiso
1111;theodiablo
1112;gwendolyn5117
1113;rdugau
1114;togib30
1115;milou77
1116;irisjeannelouise
1117;manon
1118;natachakharaba
1119;wolfmaniac
1120;sabwiz
1121;teddu67
1122;kimikiim
1123;kryskool
1124;jmromey
1125;calirette
1126;flamechot
1127;virgini
1128;elodk
1129;yzaskun
1130;valery
1131;johnsmith
1132;blacknekosama
1133;evolene
1134;kahym
1135;gprevault
1136;massane
1137;helena
1138;melyn
1139;ninifrafra
1140;baptisted
1141;inao
1142;jdat82
1143;alain-ellouz
1144;tomadeb
1145;dwarf
1146;zurpa
1147;g2lyon
1148;osito
1149;rtlo54000
1150;asheroxane
1151;fleurval375loick
1152;mado-mino
1153;jopa
1154;rewriteyoshee
1155;oleg91
1156;nephthis
1157;samsatan
1158;kamel
1159;friedger
1160;mikeve
1161;thomaszed
1162;brainfood
1163;bastien-yannis
1164;agatha58
1165;maelle
1166;captain-guacamole
1167;tran
1168;mike41
1169;caddie
1170;guillaumel
1171;pmauduit
1172;samueld
1173;chris-123
1174;litlastjornu
1175;c-fischer
1176;guillaumeg33
1177;lowmemory
1178;nezlaine-63
1179;doctiti
1180;dalon974
1181;ghad
1182;denrou
1183;recipekeepapp
1184;walterpolo
1185;saskiak
1186;titrus2001
1187;jeanneju22
1188;luccio
1189;gaby2310
1190;acro
1191;ninie
1192;cyril81
1193;atom
1194;pims74
1195;alya
1196;sympaticmec
1197;milie-c
1198;lilian-1234
1199;ghulak75
1200;veri
1201;dcap
1202;dawoud68
1203;sebonlavie
1204;xavxav
1205;sylviegi
1206;babylon17
1207;rem-s
1208;deco9710
1209;sgalan
1210;brunov
1211;jeanchristophecote
1212;hatsum
1213;ericv
1214;fdcjura
1215;amandiine
1216;laurent-f
1217;chamoniko
1218;scanparty-franprix-05-2016
1219;cobelo
1220;kiliweb
1221;rodrigues
1222;trackingnewtech
1223;laelia
1224;shysuky
1225;cedricg
1226;saturnine
1227;maikeueule
1228;panacee
1229;gustave
1230;pauline31
1231;domimode
1232;lubie
1233;ucedilla
1234;tib-de-bar
1235;pierreafeu
1236;marie321
1237;light
1238;climboxing
1239;venise
1240;hybis
1241;gbalara
1242;bob33700
1243;rourou-lb
1244;garber1199
1245;svasseur
1246;aeghis
1247;teamfive
1248;youplaboum
1249;zayrak
1250;pladroitte-kjg
1251;penjolum
1252;alexfood
1253;anmoron
1254;food4good
1255;lulucmy
1256;angelique
1257;gorgorito
1258;dovg
1259;l99
1260;bob8
1261;otourly
1262;simongrossi
1263;pewee007
1264;vergotte
1265;vegaveg
1266;garea
1267;adoloran
1268;micmar
1269;k-lamar
1270;aurelien
1271;hystiff
1272;oumph
1273;sbellessort
1274;discard
1275;p-champ
1276;firepowi
1277;aurelien31
1278;jenn59
1279;meerynn
1280;3zg
1281;maty
1282;dmarchal
1283;yougoudai
1284;mafzst
1285;mayisu
1286;mi11
1287;doz22
1288;dto
1289;aporee
1290;seadelight
1291;seichusen
1292;lolo1796
1293;phileas1er
1294;latana
1295;lenak
1296;yohann3396
1297;aurelyen
1298;requiem357
1299;goldray
1300;jodu35
1301;anthemise
1302;noreen
1303;kiki1956
1304;litho
1305;helani
1306;yann4205
1307;alainm60
1308;krhome
1309;lopnao
1310;mr6
1311;gmgs
1312;luma
1313;malobalo
1314;golf2278
1315;pimiko70
1316;momita
1317;carinegalante
1318;araspail
1319;florian
1320;rdelcoig
1321;francoisl
1322;vero-recettes
1323;lboegler
1324;gesylem
1325;sebarbraz
1326;carin-cara
1327;heroined
1328;tidykoala
1329;fmaimb
1330;malobo
1331;goldenstone
1332;gaminos
1333;debsy
1334;raileo
1335;pg2010-07
1336;augusta
1337;manmady
1338;marybois92
1339;laminche
1340;sbensussen
1341;gildom01480
1342;faboon
1343;nieloud
1344;arnaud18
1345;jimich
1346;zoneblockscommunity
1347;kimi
1348;michlaurent
1349;domi0142
1350;jccadoret
1351;nikora
1352;dudu78
1353;noursdeseb
1354;jusbzh22
1355;vihel
1356;piokaz
1357;franck56
1358;jeanfoutre
1359;anle59
1360;flodoalju
1361;dbertrande33520
1362;evelyn
1363;piernel
1364;planete
1365;emeu
1366;jlbo
1367;critop
1368;mackirk
1369;clem-vnm
1370;mariellereb
1371;lebidibule
1372;jacotte
1373;xill
1374;ktc3
1375;snaps-herve
1376;lionelge
1377;chrispau
1378;untitpoi
1379;el-bruno
1380;10ana14
1381;jcop
1382;flonaud
1383;shizuma
1384;nouchka
1385;zeezdee
1386;pboguet
1387;passata
1388;bergarouge
1389;toyo
1390;bobby-jean
1391;elo44620
1392;sguera1957
1393;carlosbc
1394;zicx
1395;fernandantonin
1396;picpic
1397;mathis-patrick
1398;gusscorp
1399;bea51
1400;saika
1401;mclouis38
1402;avek
1403;sophiecool62
1404;11cilou34
1405;jordan
1406;freyjek
1407;candice12
1408;guyt
1409;delfini
1410;wadouk
1411;jslammer
1412;margot82
1413;moi7
1414;alex6169
1415;isa65
1416;glounet
1417;metallizer
1418;paulben
1419;toups
1420;ginette83300
1421;philippe-danion
1422;celestin
1423;billoute720
1424;appelezmoisyrah
1425;kromashairy
1426;wablu4
1427;gentcsar
1428;damienb
1429;damsmomo
1430;vivace
1431;maro
1432;paloma78
1433;philippe-cavanne
1434;gwenn44
1435;sabrina59150
1436;banshette
1437;aizelauna
1438;armando2b
1439;guillaume57
1440;lapetitegomme
1441;keragui
1442;kriom
1443;loiu
1444;danycontractor
1445;jonathan23
1446;bacoma
1447;exception81
1448;jean6634
1449;thierry46
1450;mystik-pinguins
1451;biniou66
1452;fiction13
1453;nicolas-s
1454;anticultist
1455;tortor
1456;angedem
1457;jmd
1458;clems37
1459;lauremedia
1460;netangel
1461;alienor
1462;tombout
1463;justin
1464;ddt59
1465;mp31
1466;nanou90
1467;alexisfood
1468;elle-est
1469;lukago
1470;paulfr
1471;thedreamz
1472;almapierre
1473;loverock
1474;kekiloo86
1475;lgo
1476;computman
1477;norbert45fr
1478;pato49
1479;macgyver
1480;campagne-11
1481;paddy78
1482;johnjohn33000
1483;jacquesn
1484;laladracul
1485;merlin19
1486;pleymor
1487;tomao
1488;yvonmea
1489;nosphor
1490;julien000
1491;greenboy
1492;lasimone
1493;fdoussaud
1494;fulkon
1495;cmduweb
1496;koni34
1497;sioul
1498;brunoa
1499;pierreh
1500;boism
1501;vanessa85
1502;jp03310
1503;cxcg
1504;aloeb
1505;hvila
1506;tomcrouise
1507;jief3
1508;lidgeux
1509;pascalplo
1510;yannick94
1511;novys01
1512;forest14
1513;nwg-christophe
1514;absolutrnr
1515;audpa24
1516;florian-houget-laposte-net
1517;babadouk
1518;jpweibel
1519;deseada13
1520;herau
1521;loubiche
1522;mimo94
1523;benoitpertinent
1524;samish
1525;ptheolas
1526;hannamaya
1527;shreck
1528;jfrosello
1529;agatto
1530;gazelle44
1531;seveliloyo
1532;brethi
1533;franckinou
1534;cui-cui
1535;choupette92
1536;cylou77
1537;drunkenbison
1538;klyd59
1539;bigbroseur
1540;sonips
1541;larise
1542;youbaba
1543;karl-olof
1544;yann1
1545;kidouv
1546;neulia
1547;patt
1548;belial666
1549;cyberdoc18
1550;querin
1551;chaos-tika
1552;aurelienb
1553;sarigue
1554;snoopy-02
1555;peanuts
1556;margotte7887
1557;yatouf
1558;amosny
1559;sab12
1560;salah893
1561;mnfb77
1562;pat65
1563;srjvsanchez
1564;johanna
1565;mmfaten
1566;sybille
1567;locadelice
1568;kipaul666
1569;jack-lyon
1570;tofhccb
1571;caouic
1572;cako974
1573;jeeroos
1574;lola74
1575;lepetitcurieux
1576;davidage59
1577;neptuno
1578;marite
1579;carolinefr
1580;marcosgdf
1581;gauthier-de-geest
1582;tagah
1583;renaudloeb
1584;karmastation
1585;souf
1586;yoann54
1587;vasia
1588;mitchum
1589;jeremyc31
1590;pierretou
1591;pnb990
1592;yactouat
1593;alex-974
1594;serelion
1595;alexandre17350
1596;dyblast
1597;rowin
1598;odr
1599;deran-daver
1600;tartine
1601;benoityuca
1602;romain13b
1603;troublingfox125
1604;elothi
1605;raph-27
1606;roromain1997
1607;stephano
1608;lauriane
1609;tloury
1610;lrq3000
1611;gendy54
1612;opeknel
1613;vcsclion
1614;brifranc
1615;celestemoi
1616;cassie85
1617;letty57330
1618;tropikk55800
1619;lukestarkiller
1620;vinber
1621;maminou
1622;ladyrobert
1623;guibs-be
1624;stephanef31
1625;didel
1626;chouelma
1627;marguerite
1628;adrienbleu
1629;paijotrrei
1630;lepetitkorrigan
1631;danie
1632;framboise3925
1633;raga94
1634;giom
1635;zaki
1636;dymonia
1637;the-spooky-vegan
1638;olivieravr
1639;biscuit76
1640;tiotom
1641;petitbiston
1642;blanchefer73
1643;flo25
1644;claude-v
1645;chiendroopy
1646;geomarri
1647;nouky20
1648;tschi
1649;ixandre
1650;frv
1651;nicolas97
1652;kokonutz
1653;freso
1654;abonne31
1655;hhdpx
1656;babou
1657;openfood-ch-import
1658;sylvainsicard
1659;sophora10
1660;bighux
1661;melanie11
1662;foodviewer
1663;tonyzuka
1664;polpette
1665;guigzz
1666;orzata
1667;rui-manuel
1668;sonial
1669;vfl68
1670;emerzh
1671;laetimarie
1672;les-oeufs-genty
1673;gba
1674;versgui
1675;julie-yuka
1676;mamounette
1677;iamjessica
1678;manuval
1679;mounaam
1680;francketbea
1681;frankg
1682;eric-v
1683;gerarddepaty
1684;meuzen
1685;sabrinka
1686;actarus-75
1687;usda-ndb-import
1688;afrom31
1689;micky2607
1690;jasoncarbon
1691;jeanjacquesm
1692;nacreline
1693;dr-snake
1694;shera
1695;twan51
1696;pfodtakem
1697;kch
1698;franckchenilleau
1699;leeonell
1700;gcelinien
1701;dadds
1702;theoofe
1703;linette
1704;gfaim
1705;700cindy
1706;minyfloxy
1707;kunfood
1708;audreystopmb
1709;edgar-lurec
1710;fay
1711;gagniere
1712;julipache
1713;iiiorlm
1714;renauddenis
1715;alice-p
1716;liduor
1717;veganeamos
1718;dejean
1719;orel
1720;jean67
1721;chuberben
1722;nazca
1723;nadiia-pavlych
1724;vassili94
1725;kyah117
1726;stef64
1727;poe
1728;tovkal
1729;nat9
1730;egsanz
1731;jln
1732;kyliah
1733;evelyne52
1734;loufood
1735;notenruob
1736;rpogz
1737;talvinnya
1738;dusol01
1739;lapinlu
1740;stumminello
1741;zabadie
1742;jipex
1743;ourko
1744;titgugu
1745;zerxx02
1746;laurent1971
1747;gamegenie
1748;san4
1749;peterzebird
1750;leor
1751;ianjump
1752;alaindorel31
1753;keginan
1754;remes
1755;sevede28
1756;arref
1757;goinfrog
1758;99fran
1759;edwarner
1760;lucie-brt
1761;vmeurisse
1762;danbernfanck
1763;hangman
1764;idealcrash
1765;jesusr
1766;rudloff
1767;mitch
1768;josselin1503
1769;indel
1770;sandra72
1771;rimoglacier
1772;crismucer
1773;fleury-michon
1774;brvoisin
1775;pomme01
1776;m-bavard
1777;galhi
1778;wooky
1779;gersois
1780;ovdb
1781;ladysarah
1782;sisska
1783;adrien256
1784;antmarfil
1785;php93
1786;lina01
1787;nara01
1788;leleio
1789;floblanchard
1790;ilowis
1791;badbnj
1792;florinou28
1793;didier17
1794;nmcourses
1795;mazihime
1796;sebastienserre
1797;lmrp
1798;christellemode83
1799;plasterium
1800;mesbah
1801;poudingue
1802;ripetrescu
1803;franq
1804;punxin
1805;subaru
1806;vindes
1807;sulfuross
1808;foodcare2
1809;mdv02
1810;mdv03
1811;rdelelis
1812;mariebayle
1813;typhus
1814;hideki
1815;tatiana-1978
1816;ceciliapolidoro
1817;electro27
1818;cybercath
1819;looping1234
1820;badconker
1821;wiljourdol
1822;geodata
1823;sergio56
1824;polo9999
1825;silence
1826;laparisienne94
1827;marqui
1828;herbalist-infusions
1829;oscsan
1830;lecaimant
1831;raikyn
1832;alaniel
1833;goof
1834;pimidat
1835;sseb2001fr
1836;alex17350
1837;reno38
1838;fooddiscover
1839;crgt974
1840;simonhamon
1841;ali94
1842;noauemy
1843;teuch
1844;jeanl95870
1845;mickanside
1846;k-mille
1847;anto-86
1848;jerbou
1849;yenacho
1850;jercle
1851;fc31
1852;mundomaga
1853;olivierl
1854;oxo
1855;chris13
1856;clecle67
1857;moon-rabbit
1858;hugcuv6
1859;nutripat
1860;cez
1861;bojackhorseman
1862;bassagap
1863;alexandre9
1864;pues123
1865;dr01330
1866;pr9
1867;alissar
1868;paupaulie
1869;envlh
1870;latouraine
1871;jpv49
1872;sohaibl
1873;youtoofan
1874;benbox
1875;sarah33au
1876;tomateolive
1877;mcfly
1878;xn1a
1879;abidin
1880;jeanmarieluijkx
1881;guigui971
1882;ventoux
1883;wet
1884;2potsdemiel
1885;chatgourmand
1886;appericube
1887;ceeswanrooij
1888;karabamcdb
1889;jjp
1890;alexandermogeni
1891;bolususer
1892;supermamie36
1893;ammok
1894;sugarjunkie
1895;francisco
1896;meloden
1897;solveig-yuka
1898;hadibou
1899;djeeman
1900;fbi
1901;smartshopapp
1902;quintana3216
1903;schnou
1904;prygan
1905;brera
1906;mmu
1907;cholf
1908;lorent1968
1909;beliii16
1910;marialisa
1911;noemiedb
1912;byoscar
1913;pioupiou-46
1914;mikeramby
1915;m-turri
1916;amarzal
1917;boul
1918;aligator
1919;timkrief
1920;jefrel
1921;caubin
1922;cecangio
1923;pierre-glg
1924;simgis
1925;gdorlodot
1926;dej
1927;gaelleb
1928;kirmatho
1929;hesko
1930;okcowboy
1931;juande
1932;val2
1933;nmou88
1934;giovannirossi
1935;pirstone
1936;jokari
1937;kaz
1938;albert-p
1939;maurotodini
1940;rodolphus92
1941;beben1982
1942;leregisseur
1943;emmapicard21
1944;laurentbx
1945;daneilst
1946;onizuka90
1947;spiegel
1948;julien-henry
1949;scros97
1950;babethdiv
1951;toni
1952;grosbouiffe
1953;esitpadantan
1954;devineau
1955;jamespirie
1956;58230
1957;chevalstar
1958;aboursier
1959;beerdecoded
1960;dieteticien
1961;marvi65
1962;logisima
1963;adriiiiii
1964;tramaranz
1965;just-cat
1966;charlyisidore
1967;jmorcas
1968;junamar
1969;mcueto
1970;matthieu60
1971;garnero
1972;delta74
1973;vn
1974;daphne-l
1975;robot8a
1976;zqott
1977;pampam
1978;tacite-mass-editor
1979;grostof
1980;pyb
1981;gmi
1982;o-fz
1983;off
1984;evavalette
1985;ahuguet
1986;phvm
1987;lucial
1988;tconst
1989;jorgemanuel
1990;minhloc
1991;bleakpatch
1992;fredfood
1993;oce
1994;mat91240
1995;emaillot
1996;maureeeeeen
1997;kahn
1998;gdepeyrot
1999;germor
2000;lyricis
2001;eboisseau
2002;croco42
2003;dhekir
2004;tomtom1
2005;alexis2302
2006;paat
2007;nikautlse
2008;max83470
2009;ennoia11
2010;nathy76420
2011;valentin
2012;koutoukou
2013;mike89
2014;quartzor
2015;pepije
2016;liomag
2017;mdarweesh
2018;leite
2019;reixon
2020;pirouette55
2021;pierrrrrot
2022;jpx
2023;anne-flo
2024;yanonqwad
2025;citoyen-contributeur
2026;xavjo
2027;nini222
2028;deogracia
2029;ballooonnn
2030;ofaurax
2031;mickaelbouche
2032;xd1fr
2033;jmmathiere
2034;phew
2035;val974
2036;jacquesfood
2037;felix79
2038;demeba
2039;angie59
2040;raphy-zz
2041;jean3615
2042;frgtmayer
2043;soda
2044;ertinox444
2045;dd394416
2046;chicadelaire
2047;hangy
2048;floriane-yuka
2049;bedou69
2050;djadjatou
2051;chacha2018
2052;pandarun
2053;julianmmq
2054;llilisliseliset
2055;robert1
2056;gen
2057;a-p-a
2058;keinan
2059;marie-christinemarie-christine
2060;aurore302
2061;scari
2062;korbib
2063;elsouille91
2064;svdberghe
2065;zirpin
2066;krys
2067;brodeusesoie
2068;cristina-1979
2069;teum
2070;dm-food
2071;dida
2072;victor-poree
2073;alice67
2074;maxb
2075;jlrl
2076;vydaper
2077;pierrevg
2078;setoff
2079;chakatak
2080;sampai
2081;founs
2082;espessetgregoire
2083;fifirmoumou
2084;khorkaadren
2085;variaatio
2086;brune
2087;maxop
2088;jerome-derm
2089;ccedalexbio
2090;pablohn
2091;frigujisa
2092;viedock
2093;roger97
2094;snutin
2095;guillitte
2096;djamel
2097;alainrt
2098;dhx
2099;meyer
2100;lore49
2101;nico92500
2102;zec
2103;muffel
2104;vincentm
2105;frag
2106;lebamel
2107;dolca
2108;fandiet
2109;mathdatech
2110;kourou
2111;marmotte73
2112;xescugc
2113;oli-n
2114;ameliehp
2115;emysnows
2116;ollika
2117;jv-off
2118;kiestouk
2119;corent1du91
2120;teano
2121;emsir
2122;mega
2123;lylo
2124;pouding
2125;nutricount
2126;sebebof
2127;schermax
2128;denis50
2129;sudefrance
2130;jean-louisb
2131;sebastienmoiroux
2132;niala6433
2133;cesaredec
2134;misterk
2135;mgarrec
2136;adrienne
2137;astral
2138;phineas
2139;michaelfilip
2140;mouff
2141;lqueguiner
2142;jjmhtp
2143;taztempest
2144;luiszama
2145;renaud75
2146;julien-richier
2147;charlyne
2148;ccaavvaa
2149;jackoeconten
2150;eatshalal
2151;bertux
2152;freddii
2153;andreani-20
2154;andre-o-mob
2155;mbe
2156;racater
2157;ferandin
2158;edwood
2159;cerkill
2160;benwade
2161;fer-in91
2162;jltar
2163;systeme-u
2164;reboot1
2165;horatius
2166;charletmarie
2167;enola
2168;bcandela
2169;leonarf
2170;thomash
2171;altho-brets
2172;bekombucha
2173;jorgechp
2174;dacaen
2175;petitcaramelaubeurresale
2176;frankbcn
2177;velouitinos
2178;bdn7
2179;caro74
2180;lektorus57000
2181;madrange
2182;lad
2183;julienpinela25
2184;megafood
2185;seammus
2186;rdg
2187;indiana
2188;scaneatapp
2189;renaudgodefroid
2190;foodpoppet
2191;jlirween
2192;tadh
2193;mickaelfr
2194;c1369
2195;kriss
2196;cyril-06
2197;thp
2198;cedric1979
2199;opencontri22
2200;vrejowski
2201;cedagaesse
2202;swan
2203;leoalolivier
2204;edubsy
2205;mmemesmessinger
2206;openfoodfacts123
2207;thefilou
2208;maj-off
2209;stephane-platre
2210;miguelm
2211;jpl75
2212;lovefish
2213;mokaida
2214;jessay
2215;faufau81
2216;kroezensjtern
2217;am92
2218;caninematte
2219;oceane-devaud
2220;tdb
2221;jamesjamesjames
2222;lindlly
2223;tessierdl
2224;tika971
2225;sgnutrinat
2226;albertoo
2227;robin-van-der-linde
2228;nschaer1964
2229;ericklerouge
2230;kixwi
2231;anrim
2232;waistline-app
2233;alisonvcp
2234;tinchosky
2235;flob
2236;deonisios
2237;papayou
2238;jd
2239;kyzoe
2240;domi-torres
2241;sil
2242;off1415
2243;nells
2244;fanfan54
2245;tbropen
2246;loris-p184
2247;probio
2248;kcin
2249;sebastienbo
2250;grand
2251;sandrine76
2252;freeman
2253;asiron
2254;fredgueg
2255;kinchaka
2256;christiane-muller
2257;tachou1
2258;tatimimi1985
2259;gabrielhautclocq
2260;pal16
2261;stef19
2262;cri02
2263;jeefparis19
2264;mic69
2265;nm
2266;cline909
2267;zmaxime
2268;main-pod
2269;bibiroulette34
2270;bergerand
2271;fauvarque
2272;ludalise
2273;schmittmagali
2274;nathoupremar
2275;denis-26700
2276;gwenclaire
2277;calamityjane
2278;lionel77
2279;adelineblt
2280;nuth2103
2281;groote17
2282;a-laure
2283;zanoid
2284;nousar
2285;jf18
2286;mim
2287;jc59110
2288;thierrypecorella
2289;ouioui
2290;gaetan5615
2291;europa60
2292;chalseche
2293;f5mpt
2294;goleb
2295;annsix
2296;grandav
2297;lilu66
2298;jbtl
2299;frabo
2300;bxl2238
2301;chantal1950
2302;bonpapa82
2303;bea06
2304;batt
2305;didierlacroix
2306;xmp36
2307;thorgal
2308;seby59
2309;mj54
2310;rv
2311;les5elements
2312;nadyenka
2313;louise-marie
2314;flopy
2315;fiquetpa
2316;francislaurent
2317;zephyr68
2318;balary
2319;jodufour67
2320;ghislainen
2321;p31
2322;kimi357
2323;fredlombart
2324;vincts
2325;dnc
2326;mbaele
2327;chrichri
2328;martinik41
2329;glinchette
2330;ibernal
2331;lolo-lolo
2332;ecorre
2333;marie1162
2334;woaloo
2335;steftha
2336;patrick-r
2337;maimai
2338;tita39
2339;kleos
2340;stella2b
2341;gscanne
2342;mart-e
2343;ploum
2344;myrdhinn
2345;007
2346;gaetan-p-l
2347;beretman73
2348;maximeqr
2349;gailes26
2350;serre
2351;claudioh
2352;rubypub
2353;chde
2354;ikeluther
2355;pivoine
2356;tony84150
2357;morgrand
2358;atallahade
2359;jpisa
2360;gugus93
2361;vf
2362;denisvin63
2363;fjm
2364;odilee
2365;jok
2366;calli0pe
2367;jmkoeune
2368;lilian78
2369;verolili
2370;bourdu32
2371;mn
2372;amidiack
2373;damien1986
2374;mari17487
2375;lulu74
2376;diny0840
2377;louiscaron
2378;ged
2379;k-ro
2380;sip
2381;winy
2382;gatier
2383;clochette-luna
2384;nephtys
2385;misterwiz
2386;valbass
2387;nico16
2388;dartyytrad
2389;florian4800
2390;titaille
2391;agrippa
2392;annefrancoise
2393;geraldo
2394;roe
2395;tpetel
2396;pphilippephilippe-64
2397;ilj
2398;michael-ck
2399;aurorem
2400;bestiae
2401;max33
2402;db5413
2403;antoineturmel
2404;st3ph
2405;felix-dauchy
2406;dewoitine31
2407;paitou49100
2408;chrislam
2409;brigitte12
2410;u4y0u
2411;florines
2412;sandrine68
2413;stephleo
2414;frank-tervuren
2415;manon13
2416;evegn64
2417;petrus55
2418;auguste-vieira
2419;benjavinck
2420;quicchiw
2421;biozitive
2422;sophiemoraitis
2423;cathmous
2424;julien-monty
2425;viltane
2426;mestiritaieb
2427;micjac
2428;jleemans
2429;94110bob
2430;audreych
2431;soeurlita
2432;bambopan
2433;gu2ners
2434;beaverm
2435;zitoon
2436;laugo
2437;teamcolard
2438;magtay
2439;ricounet67
2440;dom251
2441;quintus
2442;dolcerocca
2443;carostk68
2444;angiehope
2445;nadiaub
2446;djedje
2447;eleacoban
2448;mickey
2449;chipiecrep
2450;chrisvois
2451;vleeuda
2452;magd
2453;gege1963
2454;couderc34
2455;cathy-bailly
2456;boehli
2457;pedro54
2458;tinorossi17
2459;enrica
2460;hhkaos
2461;llemonnier
2462;timc
2463;badou37
2464;devildice0
2465;damiendb
2466;stooges
2467;ricplan
2468;acerles
2469;tsumiki
2470;virginie-thomas
2471;vdrml
2472;aycron33
2473;acistopogm
2474;natur34
2475;brigitte-geurten
2476;manolo340
2477;gien45
2478;darth-vader
2479;c7bruno
2480;martinfal
2481;naviel
2482;siegfried
2483;claire-87
2484;totoflamme
2485;kellymanu
2486;chrissou
2487;mixbuffet
2488;christ2008
2489;philanne
2490;daffy18
2491;louis-jean
2492;lebronjames23
2493;doubar
2494;lounaserdaigle
2495;dominono21
2496;laposte-5976
2497;stekam69
2498;fadeha
2499;tdr
2500;jpp2956
2501;amandine-bb
2502;theo38
2503;edmah2005
2504;imo
2505;papyoni64
2506;marimadfox
2507;eurekabs
2508;donosti09
2509;chalisi
2510;annelist67
2511;manon-patout
2512;lechefmaxou
2513;fenimore
2514;tato
2515;bibelle
2516;sopratutto
2517;herrvirgilius
2518;ewen
2519;sinibib
2520;derlet
2521;fgouget
2522;eniris
2523;genevievec
2524;heyanouk
2525;elliryc
2526;maxime-lautier
2527;joceluna
2528;leuca
2529;zobio
2530;devil1591
2531;tey
2532;francoisandreoletti
2533;blanka
2534;labeleat
2535;alec-brodzki
2536;purplesky
2537;fly
2538;calcanto
2539;fab88
2540;minier
2541;jupiler5
2542;rhomaric
2543;jox3d
2544;thierry-rodriguez
2545;rougedidine
2546;vicomte
2547;xavier71
2548;guillemin
2549;nalleo23089
2550;kaalii
2551;lportier
2552;willtisn
2553;dgm
2554;bernique
2555;danbou
2556;lakeview
2557;frederik
2558;tornierm
2559;louisek
2560;titimy
2561;thibi
2562;geoazur
2563;karol64
2564;jpungerman
2565;sad
2566;catala
2567;jrom
2568;niya
2569;renard-stan
2570;coquillette79
2571;ff64000
2572;chacha19
2573;ggrin62
2574;virgi2018
2575;vsaleh
2576;amaya64
2577;philhou
2578;terrys
2579;jeanlouis34
2580;aliced
2581;chocolat
2582;belgoviet
2583;madelinegreen
2584;ray71
2585;zazaluv
2586;glaurent89
2587;oye
2588;cathou81
2589;jordibrus
2590;eboselli
2591;audette94
2592;bigon
2593;rlamboley
2594;mazi24
2595;michael-dal-magro
2596;inge-stijnen1
2597;maruc
2598;z-loudet
2599;hecate
2600;davi
2601;jauniau
2602;delftbo
2603;echeva
2604;ait-ali
2605;christinepirnay
2606;carmi
2607;jildo
2608;atrus
2609;lucho1
2610;nonimade
2611;mcbugzslain
2612;jf-colin
2613;koogl
2614;thuringe
2615;rubensm
2616;spotfanfan
2617;mogeda
2618;niiicooo
2619;nickybrr
2620;vherilier
2621;r2d2cpo
2622;lexbrabant
2623;thierryp
2624;sham
2625;bibi1111
2626;cannelle44
2627;medzo
2628;elodie255
2629;damsmomo31
2630;araujosilva
2631;binbin1er
2632;ana-a
2633;macrado
2634;narbonne-charlotte
2635;jacquetbrossard01
2636;bplc
2637;anaisl
2638;angelmaiko
2639;magi-mj7
2640;artemusco
2641;marcuspolus
2642;mastawindu
2643;guytou08
2644;ama57
2645;tartine331759
2646;jbtl31
2647;matthieulyon
2648;ubu3
2649;siupud
2650;buggsy
2651;bourdon-michel
2652;lr31
2653;amel200942
2654;pelikangc
2655;nico49
2656;jlnavez
2657;catmly
2658;javigb
2659;kouango
2660;cathy-scoupe
2661;remdug
2662;apollo
2663;brigitvanherpt
2664;lauveiguela
2665;trystangailly
2666;mgabriel
2667;monicara
2668;apogeo21
2669;ludo29880
2670;samisiere
2671;marcoscarvajal
2672;benito44
2673;x2
2674;raymondpierre
2675;marker67
2676;stephaniedid
2677;eperez
2678;pochel
2679;datafood
2680;chantal46
2681;ledfood
2682;claudeg
2683;ficello
2684;lapuce21
2685;filou06
2686;superpaik
2687;demrenren
2688;casino
2689;bass-maxx
2690;healthy-tasty
2691;vanesage
2692;les-viaux
2693;kikemarper
2694;kskayaraya
2695;zapiti
2696;kally16s
2697;nvt
2698;angel09
2699;jbarcelona
2700;regor
2701;bebe12
2702;iskah
2703;jb-reginster-gmail-com
2704;luciaboudre
2705;o2tl
2706;m4rc0-madrid
2707;sirchamallow
2708;aortizjover
2709;christian270
2710;corrigo
2711;cezame
2712;pierucci
2713;offrx
2714;skritox
2715;cahchouu
2716;jmsimonin
2717;thenot
2718;malakay
2719;uliege
2720;delay31
2721;sissi76160
2722;mgrzybek
2723;emilien-s
2724;bernardpersoglio
2725;elcomilon
2726;deory
2727;serwood
2728;0ffman
2729;biggs
2730;marcoderouen
2731;mister-geo
2732;sanji
2733;raoulvolfoni
2734;mestivier
2735;wolfoxi848
2736;maylord
2737;carlosren
2738;lcsz
2739;freezed
2740;wolfoxie8
2741;carlahask
2742;qwr
2743;happybibiche
2744;on1lli
2745;alainm
2746;janus
2747;myckymax
2748;aalyahn
2749;vi-del
2750;bleujaun
2751;foodsfortomorrow
2752;steph-b
2753;leocile
2754;qualibloch
2755;aymeric02
2756;amigou
2757;zaboff-84
2758;bertrand-amaraggi
2759;moradh
2760;wava
2761;britzz
2762;jeanfred
2763;taranis
2764;nigar
2765;muchelug
2766;kanin
2767;stagequalite
2768;arlen
2769;koelite
2770;bobby-potato
2771;penarbed
2772;romlec
2773;michelpascal
2774;dirkbrems
2775;emilieistace
2776;jpersonne
2777;maudea
2778;jeanseb
2779;ukk
2780;hanzemi
2781;diardromane
2782;cochinillo
2783;peltiere
2784;moises83
2785;vmart1
2786;lencrenoire
2787;rdelcampog
2788;oilily
2789;chrsitian-68
2790;carrefour
2791;tutu
2792;jjmevel
2793;carme-vives-puig
2794;butterflymind
2795;larosanegra
2796;kose
2797;joellegd
2798;rdbazin
2799;ego-zero
2800;peterfood
2801;truyopze
2802;battista
2803;fiona-1604
2804;paomosca
2805;ploquette
2806;elcoco
2807;rba29
2808;nizari
2809;ldc
2810;dadmat
2811;peverhaeghe
2812;maha88a
2813;forgisdeluxe
2814;dimartinique
2815;gregoire
2816;pgosalbez
2817;ydellis
2818;osimo
2819;mybaobab
2820;padoux
2821;biogroupe
2822;tiseb
2823;jjfourket
2824;gl09
2825;nanoue
2826;fresh013
2827;morganecrb
2828;alcance
2829;moriarty
2830;lamadesbois
2831;kiny63
2832;philippeauriach
2833;nc29
2834;kera
2835;fernando1970
2836;max1460
2837;doroc06
2838;ngallot
2839;motarddethi
2840;charly-127
2841;ccrdz
2842;hubble
2843;tb
2844;franrj
2845;anne0605
2846;touchette
2847;elodie1703
2848;zipotlan
2849;pepette-06
2850;gargantua84
2851;jfernaz
2852;food4thought
2853;raymond29
2854;59pierrot1
2855;arlequin29
2856;chris2007
2857;debora
2858;leclaude
2859;sigwid
2860;jean-lucien
2861;cat-dim
2862;maigrej
2863;roboto-app
2864;maxloret
2865;mrpulse
2866;ferrero
2867;petri
2868;synko
2869;nfredo
2870;davidflint
2871;saisa
2872;quentind
2873;lavanya
2874;inesbulut01-gmail-com
2875;snif95
2876;frgt
2877;elpatriarca34
2878;masterseries
2879;so-fly
2880;kiko71
2881;nxd4n
2882;scharmed
2883;maxfer
2884;comer
2885;joseluisdelasanta
2886;guilaine-g
2887;80n59
2888;elisea
2889;rembrandt49
2890;pierre-giuntini
2891;louloutte
2892;dobriseb
2893;roberto63
2894;el-chupa
2895;bleriot
2896;louisesoen
2897;sasca
2898;sfer
2899;jmbarrosp
2900;cspoiden
2901;sorayabel
2902;fiuzzy
2903;widowild
2904;aline-bl
2905;adufresne
2906;mpcanta
2907;willsdorf
2908;laurele
2909;hadrien01
2910;luna11
2911;charliten
2912;raph090805
2913;jge
2914;alvaro-fernandez
2915;huitres-favier
2916;jdauphant
2917;cbou
2918;psaguer
2919;mcweb
2920;jacouille13
2921;guillaume55
2922;samgta
2923;zakaria78
2924;nathalie925
2925;vans888
2926;ddidelot
2927;stockel1949
2928;cpm
2929;damz
2930;isamani
2931;clayen
2932;hloc
2933;stab59
2934;marktend
2935;arthurcrbz
2936;jean-pierre-1953
2937;domik
2938;erdu22
2939;guillardch
2940;msc
2941;romualdfromparis
2942;liliazerty0
2943;hungergames
2944;maevamorel
2945;mama-gogo
2946;fermiers-de-loue
2947;donmarco
2948;daop5510
2949;stefsmash
2950;muten85
2951;elbebert
2952;jisalazarp2-gmail-com
2953;gemagl
2954;wayne490
2955;chloe6224
2956;stanojev
2957;paulinecooperl
2958;gruo
2959;jessicasofia17-hotmail-fr
2960;sandra999
2961;barilla
2962;lea94
2963;maguikela
2964;dursyl
2965;sodden
2966;melouche
2967;elemanalize
2968;elwis
2969;pupuce2152
2970;lolomoon
2971;melanie0606
2972;marechaljudith
2973;blymp
2974;alenjo95
2975;litsea
2976;oberix
2977;foodtime
2978;cathandre
2979;hellosct1
2980;zapimax
2981;ornis
2982;ludo67620
2983;jct42
2984;noeliemoune
2985;mellenglin
2986;fionavisee
2987;jennifer1310
2988;plbis
2989;kaplewskaya
2990;chicco96
2991;commeau
2992;silene
2993;hroger92
2994;verbyy
2995;laurent-b
2996;blendmyday
2997;nanou-22
2998;alice-reiches
2999;beyblade
3000;deedypower
3001;dedelphes
3002;josan
3003;animal
3004;ahm-chk
3005;neuromancien
3006;alexorden
3007;laagoon
3008;fabien-g
3009;leghosmdr
3010;pducrot
3011;super-castor
3012;gwen-45
3013;nani22
3014;elodienoa
3015;jog13ovd
3016;guery
3017;coupd-coeur972
3018;yisus
3019;jp2019
3020;megox
3021;jlutringer
3022;mro64
3023;iacbri
3024;flfil
3025;evgservice
3026;e-pezin08090
3027;loladejuan
3028;cricritoo
3029;perruchi
3030;patouvolpato
3031;r4ph67
3032;cournil
3033;alro49
3034;virgilus
3035;minteen
3036;tolito
3037;chryyss
3038;pewee
3039;ccacacatcatherine
3040;seiferflo
3041;vozon
3042;scamark
3043;robusto16
3044;biscuiterie-sainte-victoire
3045;jade2019
3046;anfasa
3047;yod4z
3048;ivi0876
3049;foodvisor
3050;hubbit200
3051;la-crepe-de-broceliande
3052;forestacanu
3053;harragastudios
3054;assistante-qualite
3055;acantorius
3056;mfeivel
3057;ethic-advisor
3058;lavigra8
3059;trevijano
3060;david29
3061;mulligan
3062;amelie13
3063;cedriccc
3064;ilyas
3065;frede98
3066;lafourneedoree
3067;quingra
3068;cdellies
3069;anibelle
3070;evar
3071;axelstoeffler
3072;mousquetaires
3073;bbruno
3074;bijicev
3075;am-nutrion
3076;edb
3077;nini54
3078;thomus
3079;osteng
3080;menguys
3081;rampillas
3082;chrysler
3083;koczarka
3084;antoine69008
3085;jompyaka
3086;trinukso
3087;paul-hisson17
3088;rios-l
3089;claireh
3090;carole-anne
3091;alguimat
3092;lipandalex
3093;sonya79
3094;anatomia
3095;adribarmaz-icloud-com
3096;sirberliose
3097;citorva
3098;lorevanmello
3099;urkojs
3100;retd2
3101;billfw
3102;manuelw4
3103;alexfood57
3104;ithurielle
3105;maistres-occitans
3106;el-mehdi
3107;smj
3108;akewk
3109;itissandier
3110;diard-magali
3111;raydenh
3112;melsport
3113;robeart
3114;edb99
3115;corentin-rng
3116;zebul0n
3117;little-thing
3118;lbcommer
3119;parisi
3120;lolo25
3121;l-anaelle
3122;txr
3123;margabar
3124;kelp
3125;marinahgtech
3126;pacofood
3127;pinscher
3128;carconsu
3129;theyellow2991
3130;cyrilgab
3131;juanjo
3132;csa44
3133;aronixus
3134;baudav
3135;alainyves
3136;doudouille
3137;sboutot
3138;manuquinoa
3139;nicogg
3140;andre46
3141;mongui
3142;galletesgoridemuro
3143;aritzvicarregui
3144;matthieublanco
3145;fermeducreuset
3146;gregorymaurel
3147;alex1435
3148;npe
3149;al29
3150;suny30
3151;bcediel
3152;otherguru
3153;romainh95
3154;laurentl001
3155;vishaldh
3156;maximebiodemain
3157;mgn-rzd
3158;alf0ns0
3159;marts
3160;lau-bieque
3161;carl92
3162;camilleglp
3163;mahlzahn
3164;charksiahmed
3165;morel
3166;floriane-03
3167;spyder33
3168;dafuni
3169;manoloruizdiaz
3170;rcrd88
3171;lilp
3172;pboulanger
3173;jp-darrort
3174;john-doe
3175;papakorkel
3176;emiliomesa
3177;fromagerie-de-la-meix
3178;feeleepino
3179;dariodu59
3180;zaran64
3181;fredarnaud
3182;fileas
3183;didierg
3184;mndong
3185;martin59
3186;lysia
3187;apetahi
3188;fzylberm
3189;clementinemorin
3190;antoniaff66
3191;mamzabou
3192;20100
3193;alengry
3194;thaialagata
3195;sofietcompagnie
3196;po
3197;lorenecrl
3198;kesaco
3199;slycoyote
3200;calvi
3201;deboromain
3202;mxc
3203;tracky
3204;stephane-beau
3205;lauragineys
3206;jjejesjess
3207;polde
3208;jack69130
3209;billaudjf
3210;mayte
3211;erduende
3212;nixii
3213;purrajafa-7809
3214;qualitelioravi
3215;enebro
3216;jane1255
3217;flam
3218;leloro
3219;alexrios
3220;alexandra-saveurs-a
3221;olasto
3222;arstechnis
3223;obietzer
3224;decabis
3225;mariemignot
3226;maellou47
3227;oley-ola
3228;viric
3229;abiguaelle
3230;tieric
3231;samaat
3232;frauleinlylou
3233;clho44
3234;simong14
3235;apilolo78
3236;aiacciu
3237;abdul
3238;thomascorriger
3239;gourmet75
3240;doozy
3241;consuelillo
3242;sethipremier
3243;d4n
3244;karbon
3245;grappinbrutal
3246;romain-covel
3247;kitchinapp
3248;guacamayo
3249;ingrida
3250;casino-off
3251;florentd
3252;ramses16
3253;jtavira
3254;serandi
3255;fred-17
3256;sylvain-ld
3257;saffron-off
3258;meb
3259;delon
3260;loufi
3261;barilla-off
3262;benoitge
3263;frankparis
3264;g123k
3265;ariane-matatie
3266;fannypontagnier
3267;yooji-off
3268;ppat77
3269;auroretocquer
3270;phil04
3271;bartland
3272;yot51
3273;gigilano
3274;yaooooo
3275;dvalob
3276;sara-aithammou
3277;nacho
3278;jprat
3279;enkamania
3280;musarana
3281;romaintt
3282;systeme-u-off
3283;algab
3284;elraccoonfr
3285;louislouis
3286;fertyopia
3287;youssef21
3288;charlottemenard
3289;fradelg
3290;moarf
3291;stef-75
3292;rgerland
3293;none-of-your-business
3294;eklipz999
3295;bisontin-2548
3296;diviac
3297;badpap
3298;chill-boy
3299;hounzet
3300;kagero
3301;doudude
3302;daffyduke
3303;radeletp
3304;palladines-france
3305;stive24
3306;umamiz
3307;natzecat
3308;alexandre50
3309;kaelann-yulann
3310;omnomnotes-app
3311;rviswana
3312;patriceh57
3313;scila
3314;fpalmer
3315;alaetien
3316;carmenbas
3317;peter680
3318;sarah-erraddahi
3319;ungen
3320;adrian-golden
3321;terre-d-adam
3322;lefromagedemargot
3323;ramla
3324;jesusmaria
3325;chugo72
3326;destroyerext
3327;campion
3328;denis-sannom
3329;bachir-112
3330;aurore-1957
3331;mannx
3332;winckelmann
3333;crousresto-toulouse
3334;tester
3335;coline-potier
3336;nutrinat11400
3337;oliv57
3338;unilever-france
3339;bki2du44
3340;paysan-breton-les-surgeles
3341;nad6814
3342;faneliack
3343;immun
3344;a-avilaaa
3345;neuni
3346;alban14121999
3347;romycoh
3348;verolas
3349;alm1412
3350;benjalbal
3351;aninoim
3352;elecoz
3353;jgeact
3354;urgensm
3355;evanhee51
3356;ocelias
3357;romycohen2
3358;jeannerichter
3359;etatdesprit
3360;ozywart
3361;nadxav
3362;ariesmars
3363;txema
3364;halal-app-chakib
3365;walz
3366;marilyn
3367;abaca
3368;dotsuke
3369;alcindacabral
3370;sergio-barbera
3371;antonimonte
3372;eps
3373;mchapron
3374;fofiva
3375;watamix
3376;dayday
3377;audreylesp
3378;marvin4800
3379;sophielemaire
3380;nestle-france
3381;flikimiki
3382;cmolinav70
3383;fred-67310
3384;foodfactor
3385;robin-chubret
3386;tom60chat
3387;yd31
3388;uoreen
3389;toniodp-hotmail-com
3390;chrisopenfoodfacts
3391;fmartingr
3392;camillem
3393;raul-tukeke-net
3394;xtillo
3395;dea
3396;taudin
3397;jouhanneaud
3398;moutem
3399;mijano
3400;label-biopartenaire
3401;chava
3402;mde4711
3403;gouldash
3404;alexouille
3405;alsace-lait
3406;fomare47-gmail-com
3407;milio
3408;ludopen
3409;ourlaem
3410;florysol
3411;mfgomezm
3412;gabi9090
3413;miriam
3414;kellyylc
3415;senyo
3416;tkpx
3417;martinshadok
3418;camille-p
3419;nicolas-2020
3420;fabe56
3421;erc92700
3422;gwen-acosta
3423;phuxonic
3424;mutis100
3425;solenem
3426;gevro
3427;lo13
3428;orelia
3429;sandra-montreer
3430;fjgg-cadiz
3431;angels
3432;palvatus
3433;kina07
3434;marinedp
3435;jpeg
3436;jjacques2222
3437;abricome
3438;timothee
3439;simonvuillemin
3440;carlosgzpo
3441;samodjy
3442;quemengesivan
3443;sandrinecroville
3444;jesusmrs
3445;powline
3446;antoniocardona
3447;pyrka
3448;samsepiol
3449;le-wallon
3450;laetis
3451;jorgevt
3452;perustocks
3453;julie3363
3454;amber67
3455;sergio7878
3456;vxavclg
3457;b-alex
3458;forais
3459;itsasoa
3460;elo94
3461;claudiadivuit
3462;bapt01
3463;org-bernard-royal-dauphine
3464;jonahcm
3465;clement-chabert
3466;josevidal
3467;kevrizzo
3468;anneclaire64
3469;matox
3470;org-carrefour-espana
3471;mge71
3472;sk-anne
3473;g-engrand
3474;emilsan55
3475;berriot02
3476;jeanmarc5000
3477;cdn
3478;vegetarian-app-chakib
3479;quemeraisc
3480;miko29
3481;antoniomoneo
3482;f1oron
3483;eduardoc273
3484;mona-lmpch
3485;acuario
3486;clearmiam
3487;erwgn
3488;org-pere-dodu
3489;kromwall
3490;mimiter
3491;frederic-gautier-veolia-com
3492;mylene0585
3493;org-barilla
3494;lefred38
3495;makak59
3496;tahiti-user
3497;tieckre-76
3498;christoufff
3499;gargamelak47
3500;bach
3501;jjrc
3502;maerie
3503;edshr
3504;noe-wldt
3505;bredial
3506;lessy
3507;juliendragz
3508;georgij
3509;canard164
3510;org-app-elcoco
3511;torpedin
3512;rafaelsc27
3513;pvwpvw
3514;marcelbernard
3515;la-veggisserie
3516;ndessenne
3517;lozere
3518;yapadkwa
3519;ffk
3520;org-el-dulze
3521;esefran2
3522;sabena
3523;thvle
3524;org-unilever-france-gms
3525;quieneslejefe
3526;kakounski
3527;jam1234
3528;arnaudb
3529;foodless
3530;marielle-fourmi
3531;chbezard
3532;org-qilibri
3533;laumar
3534;bringmans
3535;org-comme-jaime
3536;org-ksante
3537;inf
3538;jbp
3539;lindacom
3540;aurelie-33
3541;fayache-gmail-com
3542;nicoolas
3543;jherpt
3544;xiu-lum-bao
3545;arz
3546;afesguerra
3547;alexbrdeuralis
3548;elocj-jossamel
3549;ffuentesf
3550;adriy
3551;cachouetanne
3552;smash15195
3553;hya91
3554;larnicone
3555;elisheba14
3556;irune5
3557;thik
3558;dominique57
3559;adelefaure
3560;invitation-a-la-ferme
3561;nutria
3562;alia
3563;charles8
3564;ref209
3565;yolix
3566;j2m9544
3567;natheur
3568;gdesre
3569;edenred
3570;bioandelos
3571;alex999
3572;naschtok
3573;smartin13
3574;hugo4715
3575;cosinusss
3576;guillaume68
3577;rettub
3578;verusferre
3579;jyp91
3580;gilou64
3581;fluff
3582;francisdedo
3583;cristinatomasvera-yahoo-es
3584;yoda37
3585;michelle-goossens
3586;crystale
3587;sinilogistics-gmail-com
3588;org-systeme-u
3589;gipat
3590;pierrec
3591;manu394
3592;org-scamark
3593;birmanie
3594;leana-mannshardt
3595;papapero-foodeo
3596;thorvegan
3597;petazeta
3598;foon
3599;scosta
3600;ymv
3601;ope
3602;maela
3603;numero-8
3604;dit33
3605;misterwhite
3606;johnlon
3607;lenslam
3608;epiter
3609;creativojavier
3610;audrey29120
3611;org-app-foodbowel
3612;org-st-mamet
3613;danielperez
3614;jjavier-es
3615;mainluk
3616;org-pierre-schmidt
3617;gulyasrobi
3618;vegfood
3619;aurorejiminis
3620;thibault-d
3621;org-elsy
3622;adrigrillo
3623;arakilian
3624;trantre
3625;syrinx
3626;chantal-adele
3627;judith3
3628;lipo2a
3629;akbe
3630;lou34
3631;ownbrand
3632;mj64
3633;dominique59
3634;lacramioara
3635;cy12
3636;apda
3637;catlion
3638;molinvaux-nicole-gmail-com
3639;revygcam
3640;gvhoecke
3641;g-migliore
3642;viktuay
3643;duchatelet
3644;arthur-crbz
3645;monial
3646;nutrinet-sante
3647;frankybalboa
3648;org-barilla-france-sa
3649;piguet
3650;dasrakel
3651;pedrogas1991
3652;irene7
3653;svermoere
3654;roland5457
3655;nicbae
3656;soynando
3657;fifiarl
3658;deni
3659;desarrollo-shukran-es
3660;lsebou
3661;ndamla-iv-yahoo-fr
3662;am4rill
3663;rahkley
3664;rissian
3665;badboy
3666;mcb77
3667;michaletb
3668;jmbuff
3669;ojjacques
3670;covy
3671;baratin
3672;wozniak
3673;tailliar
3674;org-ferrero-france-commerciale
3675;ketobear
3676;nazaxiii
3677;sebbu
3678;romubinche
3679;monsieurtanuki
3680;jcf50
3681;coco040764
3682;pbob3162
3683;elo-p
3684;dieteticienne
3685;cennrico-hotmail-fr
3686;floflolasticot
3687;youssouph
3688;org-hida-alimentacion-s-a
3689;raph67
3690;chris92000b
3691;org-brasseries-kronenbourg
3692;a78-a78
3693;bgiovinal
3694;luisma24fit
3695;sasa
3696;potsy
3697;jphil
3698;org-boehli
3699;bebale
3700;xavi
3701;oliviers
3702;simplystock
3703;raquel-03
3704;fabs84
3705;austintjeh
3706;kasonnara
3707;licayoni
3708;jmp75
3709;fentyob
3710;feat
3711;jschrooyen
3712;stef7826
3713;org-nestle-france
3714;nofood
3715;redarrow
3716;bruschet
3717;dirnariel
3718;lorsitog
3719;mishka86
3720;tharks
3721;org-guayapi
3722;org-piccolo
3723;andmag
3724;ricodejaneiro
3725;pszmidt
3726;org-unilever-france-rhd
3727;org-panzani-sa
3728;org-socca-chips-soccapero
3729;spadness
3730;edanneels
3731;org-groupe-ldc
3732;hilary
3733;waupline
3734;arnaudmontagnet
3735;joe-joe
3736;bhunyadi
3737;azinkour
3738;hapi-france
3739;recjojo
3740;nicolas-mace
3741;cj73
3742;org-cristalco
3743;mixlander
3744;brunandr-gmail-com
3745;caparros1
3746;maass
3747;bennijamm
3748;additives-app-chakib
3749;evadejonghe
3750;anais-littlegustave
3751;garancebro
3752;org-garofalo-france
3753;org-little-gustave
3754;quentinbrd
3755;darkent
3756;ddd1
3757;quechoisir
3758;foxtf
3759;davidongo
3760;babasse12
3761;sevres
3762;joefood
3763;franrt
3764;foodoil
3765;perrioj
3766;org-materne
3767;ernescore
3768;sylvieh
3769;arantxa
3770;leotaillefer
3771;digodeb
3772;vallarfax
3773;iguanic
3774;silvia-castello
3775;christian2605
3776;kalik
3777;n0tnull
3778;betterwithoutadditives
3779;nitmem
3780;allergies-app-chakib
3781;mdurero
3782;the-redburn
3783;javier-llamas
3784;the-walrus
3785;r1-67
3786;sekhmet
3787;qualite2021
3788;carmengs8888
3789;rmcramiro
3790;dd567
3791;org-monoprix
3792;diibv
3793;product-scanner
3794;julide
3795;org-groupe-bel
3796;gwendur
3797;seb-67-vegata
3798;taleanoai
3799;math78
3800;aporee2
3801;org-aline-olivier
3802;rdtr
3803;gpaum
3804;shikaruko
3805;fanciros
3806;rakriegl
3807;pushka
3808;qualitprod
3809;org-regalette
3810;okaniyoshiii
3811;cricri-sechuit
3812;kandys
3813;bmortgat
3814;org-bonduelle
3815;toro
3816;noumskoc
3817;org-carrefour
3818;jserriere-mix-buffet-com
3819;org-mix-buffet
3820;plambert
3821;org-madeleines-bijou
3822;enclos
3823;staninfusion
3824;biobetica
3825;bizdier
3826;lcnrussell
3827;environnement
3828;maman-patate
3829;axelle-d
3830;juppet
3831;madeleines-bijou
3832;org-vallee-verte-les-jus-du-soleil
3833;rouelibre
3834;florentn
3835;gaeldgm
3836;algroupe
3837;jlbb66-yahoo-fr
3838;omidpan
3839;cariakou
3840;nicolas-touron-wanadoo
3841;annabelmrtn
3842;org-bam-and-co
3843;org-alliance-bio
3844;maven
3845;olivier-s
3846;dede57
3847;juju72000
3848;tokonatti-yahoo-es
3849;org-glaces-de-lyon
3850;titan-ium
3851;nanieflo
3852;nadine-g
3853;lhote33
3854;org-vaubernier
3855;org-distri-products
3856;coq
3857;stricofr-yahoo-fr
3858;vegan-app-chakib
3859;lianhua
3860;coraliecerf
3861;clar-isse1
3862;org-letswork-group
3863;nicl
3864;manulelutin
3865;niknetniko
3866;marsda6868-gmail-com
3867;org-elle-vire
3868;narbe
3869;rachou33
3870;cauvet
3871;milie-1782
3872;org-abd-distribution
3873;henaff29
3874;thin
3875;ptitemaxe
3876;org-pepsico-france
3877;vege
3878;pedrogilvila
3879;ladygothiqua
3880;org-bledina
3881;org-carambar-co
3882;gaspardsparga
3883;org-aoste
3884;org-yoplait-france
3885;org-idiffusion
3886;org-l-hermitage-sarl
3887;delloro
3888;org-amalric-isla-delice
3889;org-tipiak-traiteur-patissier
3890;lertsenem
3891;pymouss
3892;cporru
3893;org-sas-jeannette-1850
3894;org-kellogg-s
3895;org-cafes-bibal-torrefacteur
3896;bonjour-ocni-factory-com
3897;nerys
3898;privta
3899;product-scan-com
3900;challet
3901;justin-cuvillier
3902;org-sas-tadh
3903;org-envie-d-oeufs
3904;org-les-pates-grand-mere
3905;solosix
3906;durif
3907;joys-brechemier
3908;greensky
3909;juliopotier
3910;lhommederio
3911;stblc
3912;khurutz
3913;jusdekiwi
3914;smonff
3915;rycke
3916;arwen08
3917;org-jacquet-brossard-distribution
3918;alex00134
3919;jug8
3920;dorado-jerome
3921;org-l-atelier-du-ferment
3922;mrleiv
3923;agarcia
3924;org-grand-fermage
3925;aromarin
3926;ellen
3927;mariajo
3928;alice-107
3929;yourself
3930;udog
3931;jegofer
3932;natimc
3933;org-maison-torres
3934;cumin77
3935;surget
3936;ltrlg
3937;rafitamolin
3938;apolland
3939;nathanbnm
3940;org-neoloco
3941;sagittarius
3942;marcolin
3943;nanis12
3944;org-laita
3945;marbre
3946;sirma
3947;glael
3948;anamanzana
3949;legorie
3950;missho
3951;katchou
3952;99miguelrl
3953;blalyd
3954;steven01
3955;co-7
3956;org-sincera
3957;org-saint-hubert
3958;laorka
3959;jramirez
3960;sebek
3961;gegeapl
3962;amicalementvotre
3963;rikhal
3964;bobobeauvais
3965;aidnwave
3966;matat
3967;jojo6375
3968;pandark
3969;bh88
3970;emma-bastien-la-fourche
3971;jaucafo
3972;bartolomeo
3973;helene-d44
3974;silver-wolf
3975;lefrance69
3976;fjaviernovoa
3977;ariege59
3978;machaterate
3979;guillaume-mse
3980;odre41
3981;celinepages
3982;nayenor
3983;pruello
3984;clarisse69
3985;hansvb
3986;paulinefcrt
3987;org-go-nuts
3988;planteuser
3989;imk
3990;crisbj
3991;bambu
3992;l-courteille
3993;didierduphil
3994;nexty
3995;zuri
3996;christinelousberg
3997;tarik-tire
3998;sillage25
3999;org-la-belle-iloise
4000;mveurial
4001;sirduende
4002;ludolm
4003;org-fromagerie-milleret
4004;yurienu
4005;jotadrl99
4006;macgyver72
4007;pxm1031
4008;blarfursnarg
4009;johantorfs
4010;tyfyty
4011;slemat
4012;nimbus-dark
4013;hetero-refoule
4014;smoothie-app
4015;gene38
4016;org-kampanera
4017;sara-bonache
4018;voltrum
4019;nicolasma962
4020;spc43
4021;laurine-ho
4022;drspock75
4023;cpfr
4024;meghib
4025;francoise-pujol
4026;biboulette
4027;yannick-olivan
4028;nemo-nobody
4029;victor0681
4030;aaronl
4031;mapie84
4032;joseraniero
4033;lepaon
4034;aandre
4035;flyazrhi
4036;celiasteve
4037;annemie54
4038;oz-ensemble
4039;mongomongo
4040;jedern
4041;tino79
4042;urbanus9
4043;loucass
4044;mat0806
4045;sbarrio
4046;arlesienne
4047;runarlejou
4048;xavibdn
4049;david52
4050;tartineskiller
4051;dieta2022
4052;alexg
4053;seb91
4054;mylabelcontributors
4055;toutenchak1
4056;arickx
4057;gaspard-darrigol-lafourche-fr
4058;cutstemson
4059;oopenfoodfactsvincent
4060;kristofvandevelde
4061;nadinne
4062;p8f6jwo6suuaf
4063;org-le-labo-dumoulin-lld-cie-producteur-de-kefir-de-fruit
4064;phe
4065;strnk
4066;org-conserverie-locale-artisanale-et-creative
4067;org-openfoodfacts
4068;niiikolayyy
4069;alexfauquette
4070;tibolaglu
4071;nicoledit
4072;r2d2
4073;firstpricelover
4074;babiad
4075;mirall
4076;joce54
4077;mamag
4078;pguerra
4079;plab
4080;maxime1234
4081;app-vml
4082;canopener
4083;stan75
4084;org-cultisabor
4085;futurer
4086;gamjabaou
4087;userdefou
4088;graam
4089;loul7
4090;luisa50
4091;archipiade
4092;salles95
4093;roto
4094;nathan17
4095;toma-stupar
4096;ambarrios
4097;tralalamyriam
4098;ricardo-torres
4099;lise-ebvbaq
4100;org-ecospirulina
4101;jolive
4102;nox
4103;delphinebrg
4104;azerty05
4105;meringueal
4106;blackseeds
4107;samuel-bruneau
4108;emile-e
4109;sibylline
4110;maxicool10
4111;yogoff
4112;mauricearthur
4113;jolibois9
4114;rosamary
4115;trisquel
4116;tiokaz
4117;vegayn
4118;kv248
4119;mrmercierjc
4120;mr-marque
4121;org-guyader-terroir-et-creation
4122;alarieux
4123;opilim
4124;phenix13
4125;dolene
4126;m22aaa
4127;kanazen
4128;m-ice4
4129;nustiante
4130;org-foie-gras-gourmet
4131;marionmoseby
4132;sir-hautdesrables
4133;fbuenonet
4134;org-juste-presse
4135;org-sill-entreprises
4136;org-eureden-d-aucy-france
4137;rock07
4138;del45
4139;steph-dev
4140;kaysera
4141;spicyramen
4142;maeva-g
4143;herbiethebug
4144;juanita-ramiz-more
4145;hgboronat
4146;choupe
4147;popo4d
4148;fresni
4149;ivorydolll
4150;julie-basaccio
4151;maria-rachel
4152;potironyann
4153;u01w1tct2
4154;elcf
4155;flore-prudhomme
4156;serrlorca
4157;hoffmannmailys2
4158;lacholetaise
4159;damiend
4160;tastx
4161;toxatoxa
4162;astrid-lfd
4163;contrioff
4164;janwillem
4165;pepeciseaux
4166;melinda8
4167;redchiiks
4168;org-la-jucerie
4169;jbel
4170;apeeters
4171;deltadry
4172;voka54
4173;jesus-lechado
4174;caritu
4175;teisnam
4176;mailoneso
4177;org-lea-nature
4178;silos
4179;lea-bourrat387
4180;sishy
4181;hervetuc
4182;olgatrabajos
4183;arnaud974
4184;mwf
4185;manoncorneille
4186;org-les-escalettes-de-montpellier
4187;stramier
4188;fral
4189;nextanalyzer
4190;starf-allah
4191;jamrb1963
4192;motw
4193;sissoune
4194;sioudoussema
4195;malgraxe
4196;toya
4197;org-les-nicois
4198;krokola
4199;smlp
4200;lauraelcoco
4201;campanillas
4202;jfox
4203;kristel
4204;tokugawa
4205;drouvin
4206;lavaga
4207;truc1258
4208;org-menguy-s
4209;jimmy81
4210;stroboer
4211;slytherinserpy7
4212;tftf
4213;org-biocoop
4214;asmarin
4215;rubenrv
4216;karpov
4217;esand47
4218;smatchcube
4219;lso1968
4220;tonyemery
4221;laulgx082
4222;illumn
4223;org-casino
4224;rhumantyk
4225;ogdsia
4226;ymartinez
4227;org-d-aucy
4228;zaggys
4229;tiwan
4230;quesnoy
4231;anders-goldman
4232;denierdik-gmail-com
4233;elise-poupinet
4234;bboyanto
4235;gohu66
4236;lsaudon
4237;theobest
4238;mimiinari
4239;nanynoo
4240;nemesisereborn
4241;cocoetrudy
4242;jadar
4243;nikko37
4244;maitre-youn
4245;kaysersoze
4246;mikado
4247;nehrzul
4248;juniorjun
4249;lcarne
4250;liberationuage
4251;cereal-killer
4252;pha
4253;jesaispasmec
4254;nancythetavernwench
4255;best
4256;ares
4257;ben74
4258;tirsodl28
4259;vvanpelt
4260;emericl
4261;markuso
4262;kawikiwi
4263;elfarto
4264;joselu
4265;org-graine-de-choc
4266;trsgpxtx
4267;scaalpmange
4268;ralita
4269;prrkk
4270;wanthang
4271;deaconfraust81
4272;rubenvdk
4273;stragu
4274;rahel
4275;epfoodeye
4276;bcs
4277;elgamiz
4278;twinico
4279;driesv
4280;duhowpi
4281;dewailly
4282;lolol
4283;pablofermor
4284;nennlo
4285;fro
4286;phybe
4287;flaviato10
4288;piston47
4289;nachomol
4290;perledelait
4291;kyofu88
4292;maetiare
4293;ateissonniere-saintmamet-com
4294;jbgeff
4295;tarikb
4296;jbieber
4297;felisa
4298;cristelle-ferreira
4299;sirus
4300;ellinoir18
4301;thibo
4302;bdegrelle
4303;paulinedebi
4304;lola-vandermeersch
4305;boudverre
4306;ylurie
4307;thibaultmol
4308;pietermealhero
4309;emeterio
4310;taibo
4311;epipodius
4312;triformine
4313;iptuttjyjndhwpxtyh
4314;jpelg
4315;saladman
4316;roptat
4317;lrntprsn88
4318;org-fruits-you
4319;org-lunor-distribution
4320;audray
4321;jerome-b
4322;sachab
4323;kroeckx
4324;isabelleh
4325;hithatsme
